left_hand_angle,right_hand_angle,left_chest_angle,right_chest_angle,left_hip_angle,right_hip_angle,left_leg_angle,right_leg_angle,pose
331.1703217,12.63349309,355.5855112,357.3298129,2.371466379,48.11466048,0.317067219,224.6809469,tree
332.5407647,9.248000551,358.4862107,353.1199691,5.764202571,49.93366215,354.9719256,226.3307802,tree
0,14.89151974,0,356.5761796,2.568259641,47.09321463,359.1965258,240.7263034,tree
325.5584114,17.99047638,354.0997123,359.0103044,3.780276203,48.82770923,358.0947481,224.4229543,tree
0,0,0,0,0.548302494,48.68943584,4.257078009,226.7607001,tree
0,15.84001354,0,358.9310705,5.258171265,49.45795015,356.1861549,227.1992086,tree
0,0,0,0,3.716466386,53.2695581,5.195502639,219.6651869,tree
0,0,0,0,5.058482836,49.03769998,1.557828879,227.0356339,tree
343.8467671,16.25403059,5.709287799,357.5656201,359.4494672,49.47554958,1.725403947,230.0770169,tree
344.3145531,14.93031455,1.746171202,0.041581483,359.8774423,51.09730332,2.226587166,228.0782826,tree
343.3865198,25.04501002,3.018852854,4.651497734,4.754096457,0,358.1450856,0,tree
0,19.51401404,0,0.012479188,2.604282842,52.36537292,359.9873049,226.6341301,tree
334.0428377,18.79849642,0.394803612,357.894811,1.096952696,49.36825073,356.8699975,231.5775066,tree
0,0,0,0,4.163794975,50.02868667,0.268041611,228.6469425,tree
344.5008492,13.7143153,3.660913804,355.2142241,3.501870231,50.75177996,357.7685032,234.7030659,tree
336.5654123,24.50090029,359.0277687,0.859423788,6.076150107,51.61610797,357.3681596,227.7490914,tree
346.1085763,14.16770421,7.003647433,356.3463518,3.021213884,50.21028018,357.3349316,238.052451,tree
336.4160961,22.34769999,4.834353172,359.220166,1.306030301,50.0846263,0.606370456,222.7122789,tree
0,16.62934248,0,359.4201139,3.661356728,50.44865971,358.9333872,230.7403244,tree
336.8589069,12.9610525,358.3975691,358.9666264,1.63683311,47.29456112,0.652930175,225.5921467,tree
333.333277,22.06201792,356.4313036,1.747767668,3.699826596,50.4492828,357.9944527,231.1820367,tree
342.3096215,0,0.993176406,0,2.429489116,46.9201219,0.603060517,233.4264784,tree
342.282544,17.98686838,1.761309834,4.435688972,1.513355472,47.01161092,359.4153046,228.613819,tree
340.950097,10.62416289,1.865672335,358.7489292,2.058861224,47.01375309,0.361271932,232.03129,tree
336.6817408,16.35215515,357.2192856,1.536784324,2.12507618,48.87249757,359.0396817,229.7604254,tree
332.6044985,11.48517257,357.5400796,1.305848175,2.080068862,47.94619412,358.8905952,226.9534036,tree
338.856151,12.42156738,3.36277639,0.106721322,359.8403691,47.6376789,357.6965512,227.7248697,tree
332.4011899,15.00865518,357.0333529,1.241187722,2.823647969,49.71957301,359.1536835,230.3872958,tree
334.7172841,13.38221508,0.883939574,359.768594,359.0677293,47.5736916,359.6968041,232.3146233,tree
341.2152552,14.32083537,359.7472161,1.138711781,1.23974599,51.03498852,359.8138242,227.7125128,tree
0,14.44307679,0,356.9597738,1.668230824,50.6508418,0.19037403,228.6503982,tree
337.4673282,14.88507879,357.5462298,359.7043617,3.080328693,0,1.25804886,0,tree
336.1500498,13.9115453,359.4843834,356.5947092,2.271793619,53.19867276,0.357917061,233.9476436,tree
341.1563056,17.21360738,359.8524343,1.483334798,1.372247168,49.85492158,1.386292492,229.0361503,tree
341.4504908,19.81481643,5.050558404,358.8016191,0.011528782,49.63271141,2.432372106,231.5071664,tree
337.8164825,19.40338935,357.6333267,0.777482984,1.323910878,0,1.05607725,0,tree
344.3387003,12.36931157,2.903181928,355.5670759,359.9842967,45.95886969,359.147109,233.5856334,tree
0,16.51757964,0,356.6311288,1.833052552,49.70509475,359.4767088,233.9343083,tree
341.4416749,12.11559677,3.052882373,355.7728139,0.211516103,49.44285992,358.0535686,229.7157756,tree
341.3728952,10.18672897,2.490416391,356.0917655,0.135010666,44.9236827,0.260857242,228.3990221,tree
337.4321659,7.997515301,357.3766296,355.9576334,3.929953607,47.34754459,0.15452991,230.8210365,tree
339.2484242,2.899177097,359.6893516,349.3972884,2.314335019,48.22300859,0.084025999,237.001518,tree
347.043176,20.35142112,4.414827566,1.336658453,1.730141762,50.83895767,359.240332,232.8387499,tree
341.3961738,14.81113678,359.5529356,358.1631169,1.837185736,50.1428668,1.333938394,227.4045479,tree
344.8439132,9.34948449,2.027893173,358.3272831,1.764841735,50.24518298,0.364715944,228.0378619,tree
345.9277133,7.894939139,4.834218668,356.8232946,3.067793738,48.89793133,359.4353494,231.4496604,tree
345.1901659,9.529819984,0.230645039,355.1739558,4.467989973,48.33040822,358.6706318,229.1521738,tree
346.3199473,11.72836504,359.372219,355.8768901,6.175690319,48.79069551,357.5425098,223.4226662,tree
349.7437658,7.029530419,6.392473861,353.6489118,1.917161898,48.40380336,0.136876757,227.4647446,tree
348.0345399,14.52103916,1.472057413,359.5100914,5.991431144,48.78677967,359.238939,228.6304053,tree
348.8076767,4.296453461,4.398885241,354.7296309,3.904931393,48.07846534,357.9797394,226.6150521,tree
349.3911997,5.842560042,3.43187145,353.9145904,4.813952112,50.27375572,0.423635743,229.655685,tree
343.1135142,359.855836,0.888452476,351.4614685,4.900255916,50.79846529,359.5523094,227.4271411,tree
344.6905394,9.94379082,2.5818999,356.1066847,5.195838768,50.54840707,358.7198767,227.0930656,tree
350.9119944,0,6.893192316,0,1.771519542,47.78685515,0.287078355,228.9294726,tree
345.5706541,12.09626763,5.988062287,355.6071767,3.330525133,50.68217993,358.9333929,225.4853506,tree
348.0855466,15.39970735,3.055846595,357.2118473,3.919227071,50.56882889,359.254229,229.4548843,tree
348.2790122,8.958385297,1.908104999,353.2051992,6.06180768,52.14248178,359.074556,226.5479061,tree
355.6290076,10.28869536,4.972855892,353.7541849,4.772073763,0,359.3384435,0,tree
347.0933228,11.80880834,4.357264705,355.9962923,2.713214836,49.47124018,359.8810943,234.5710881,tree
344.3847706,12.08242028,359.8941369,359.1898526,5.247360393,47.27896748,358.6758832,237.0897023,tree
346.6804545,8.830146502,359.1287618,351.9915423,4.484545441,49.28121986,0.923470893,244.0637565,tree
345.1335493,0,0.261585758,0,6.686727806,52.7004881,358.0227037,236.4502445,tree
345.1301657,4.526106242,1.990360122,350.8970999,3.279303796,50.47205191,359.8937731,227.7667567,tree
346.46481,0,0.306504181,0,5.238367296,0,0.052225993,0,tree
345.544224,3.481602207,359.2571401,350.0733923,8.073283457,49.60735783,356.4776721,237.5349667,tree
339.4302727,18.42579561,1.96469539,359.2900101,0.984026807,46.80298364,359.6952191,231.3776161,tree
348.1474095,9.008957073,1.456176155,354.22028,4.033633105,49.0067715,359.1864044,232.766329,tree
349.4996801,9.345784606,3.389446417,353.2394183,0.526935933,47.08524566,2.173136772,232.0822714,tree
343.6610029,13.92175885,1.94193993,357.9316317,1.272684068,0,0.429030582,0,tree
344.2199191,13.97497694,1.402585671,356.294432,3.82478106,49.36324706,358.1398592,233.8581453,tree
343.9091107,10.8733815,358.9419989,355.2627193,4.653888911,48.89311712,359.0067019,230.661761,tree
0,12.96775945,0,355.1468649,2.795930851,49.04986494,358.3501474,228.874347,tree
354.9663161,8.070594549,7.515733419,350.524211,3.074489707,49.76632054,0.283129861,232.5449341,tree
347.4633319,15.18770256,4.032861136,355.3666679,3.328125481,49.91469422,359.8378083,233.1973596,tree
343.230948,12.95086366,0.421244209,355.8198571,2.995694212,49.2417056,359.0026484,231.1729954,tree
338.9228484,18.97232249,1.348480334,355.095696,0.646602789,47.38090337,0.545575151,230.5810422,tree
338.5078908,11.57971405,357.4927691,355.7629316,0.942880129,46.29440835,358.8863752,239.1759773,tree
343.0525973,8.939011235,355.5765134,353.7801813,3.055872001,46.44173439,1.637503019,243.5721721,tree
344.3689875,11.3170278,358.8744842,355.7365875,0.289484031,44.18357393,2.666057186,232.4981492,tree
340.7064661,0,357.6780142,0,0.66834961,49.84031645,1.1129377,228.5723148,tree
348.9601358,0,1.540763074,0,359.8615017,45.62993708,1.975670026,233.5497873,tree
341.4516999,10.32282968,355.7265171,356.5024438,3.433501744,46.67199164,0.185246791,231.0119456,tree
344.8828205,9.36542052,359.8043905,354.8147317,0.335595131,46.65821102,0.112079441,228.4263461,tree
340.090197,16.7725295,357.5563689,1.001971563,1.749815989,43.76914271,0.84062327,230.0139885,tree
341.8525704,16.43766817,357.525654,358.0036052,2.385909413,48.39703414,359.0204415,236.7572529,tree
347.1684341,11.32397835,0.979624131,356.7357292,0.714991355,47.70568459,359.5776997,229.141104,tree
340.2460564,17.84867899,359.1997943,359.1818698,1.689359173,48.63230323,0.059478444,228.7139895,tree
344.3473325,13.76820968,359.7790363,357.4231815,359.7607658,47.96477866,3.478078491,233.7426129,tree
338.7356188,14.79462021,355.3616595,358.2338016,2.482486342,50.69997012,359.7331323,223.4701585,tree
340.8423245,18.34489501,355.5668227,357.580032,2.050449867,0,1.264456384,0,tree
342.0482083,16.48240389,359.1051899,357.7466355,2.048989009,50.46991882,358.96215,234.1250285,tree
343.5538019,12.32809192,1.309248583,355.3954949,359.6533044,48.92157745,0.099574537,233.8428208,tree
337.01033,13.2507917,355.5127703,355.3645507,1.669012502,47.11793758,359.8168603,233.4369225,tree
341.0502924,22.2194366,359.3039241,359.8194466,2.06709601,48.58800117,359.6846944,230.2714081,tree
342.6035133,16.55622523,0.852915204,357.9204214,0.141122297,49.00800322,1.348370689,227.7742135,tree
343.1470886,16.51778155,359.7458636,355.8532741,1.584004687,50.63000394,0.179421386,225.0433923,tree
339.8455892,17.89324492,358.7578312,359.1986779,1.686811401,46.88760733,2.026775676,232.4788443,tree
341.0695303,13.82673731,359.2385938,357.7661342,2.096893039,45.00119556,359.336295,231.6880358,tree
341.6167233,14.99573268,1.569193833,356.5410615,358.3784203,48.70609463,0.646984492,228.5841448,tree
342.5967199,19.02499297,3.237281306,359.9070075,358.859458,45.62412189,0.271485966,232.3319211,tree
336.9263173,14.90528791,357.6139289,357.918095,1.415505317,48.09413332,0.404151548,235.3469939,tree
339.92016,23.69097707,358.3257166,358.5771342,1.26504799,0,1.939257627,0,tree
0,21.25816305,0,0.498455095,1.124227328,50.18762648,0.39898789,235.7814444,tree
346.7908877,20.52010439,1.042743822,358.5508902,0.813899154,50.85120802,1.665834935,230.9018911,tree
339.3037725,23.3930302,1.460739341,359.8281664,359.337433,0,2.309362527,0,tree
342.7377266,20.27250243,4.016784756,0.331975979,0.471121347,50.09708223,0.082063148,254.0640955,tree
340.6665847,23.03641901,1.964747023,2.004665729,0.635436276,51.68417493,0.253983075,232.9833961,tree
0,31.83018235,0,359.43048,1.62334483,55.43348872,359.8592864,228.5120816,tree
333.736059,17.79301341,355.7404917,355.8784497,4.399583197,52.74456319,355.840786,233.0692647,tree
342.231646,17.42831983,0.300334674,359.845934,2.65415269,49.13664377,356.0926641,238.1920922,tree
341.0293516,8.585093319,356.5232814,352.6590412,3.262361597,51.69126883,359.9324099,237.6212118,tree
343.6415331,10.83765666,0.631213217,357.4358633,357.9218741,47.69537535,2.863345199,233.086429,tree
343.6827553,12.61381157,1.974386685,354.6919555,0.056077998,49.87574819,359.1567561,228.4175924,tree
341.7533811,8.568473507,1.149388143,355.0901429,358.2567138,47.44393094,2.568231032,234.4626135,tree
348.2210507,13.4832226,3.815473613,359.316618,2.221615075,49.16966397,359.4121411,232.0883676,tree
336.1199241,11.94039557,357.4703265,357.4292338,3.088814274,51.06681379,358.3900747,233.2928301,tree
344.5459532,19.23248147,1.936553179,358.9345623,2.452516504,50.18424926,358.2143929,229.0034657,tree
339.3038744,18.51830037,356.4394711,357.3716458,2.7145889,50.64413456,0.0015637,232.1721573,tree
339.546564,20.96502976,356.981049,358.9288097,2.777269146,49.3510137,1.179690333,227.0178578,tree
0,17.01109816,0,358.4633815,358.4186875,46.5322761,1.875072119,235.7893849,tree
343.4879959,12.56697369,1.407377092,356.9371021,359.3672533,48.24064972,359.8728156,229.0978446,tree
341.0904204,17.13219498,358.2000632,355.6775215,1.495394328,49.76986483,1.2552545,226.1982938,tree
345.0866432,20.1539968,0.221754272,357.252089,2.763340451,53.10904515,1.590017574,233.0229905,tree
339.668521,18.97421196,359.3986387,356.5854603,1.977634481,52.53286038,1.218452146,228.3784153,tree
333.1755995,19.34136561,357.3124428,356.097257,2.659469854,50.98599475,0.742128773,224.5946471,tree
342.0207615,15.58296371,357.24629,356.2637663,0.304647614,48.83235043,1.43300517,236.8120436,tree
337.1160518,17.0965786,358.1305061,356.061469,359.9842226,49.85356134,359.7232746,235.0462641,tree
342.9241567,19.77476002,0.555965508,357.3996493,0.348463586,49.08813018,359.9270283,232.4068023,tree
330.2592115,23.60799946,351.4397944,356.6323228,0.847006743,53.71354258,0.830004058,234.1849467,tree
337.0419117,21.25821875,358.1043273,359.2048843,0.34833754,50.12192292,0.893623681,235.0315652,tree
338.2970075,25.22616673,356.6519507,359.9402175,2.059339175,50.5083969,359.6482951,229.4556187,tree
336.2112847,25.39382621,357.3020823,357.8046932,2.207192791,52.3279254,0.045572464,227.9472949,tree
345.0784093,28.47437229,0.071299002,2.400145591,3.658913197,49.0539809,357.8519325,232.9604723,tree
31.81734528,333.4903406,351.4567,2.770375895,10.14632653,47.41867978,6.950651422,221.6586769,tree
344.9613357,22.27588599,2.083758605,356.5304587,1.672566092,51.47352569,0.921389878,236.8701715,tree
344.6811244,26.62576182,3.332533668,354.8720686,0,52.90562465,0,234.5041662,tree
346.8472736,24.70154038,2.292187013,358.100302,3.506215992,54.22055123,359.1683642,230.1366916,tree
0,325.4526591,0,353.1618772,7.193572152,48.40652873,6.977070547,222.5087123,tree
338.080117,21.21550916,358.6270359,356.4844572,2.866959853,50.78033237,358.5451034,241.5216565,tree
342.4801996,18.79300408,359.5482905,357.5990279,3.132826876,51.99011316,357.1357718,236.8977924,tree
342.4975655,20.53256184,358.8972467,359.7450516,359.5690439,49.44277316,0.345586138,232.3864077,tree
343.3471098,17.89624291,0.077335073,357.1780097,1.749167497,53.03362944,359.5952436,226.4741266,tree
342.5393905,25.82382168,1.156203648,1.333322716,0.403707377,53.36106455,0.252953715,236.6592992,tree
344.8671896,14.98115651,4.031920971,356.5020646,1.080799562,53.95079068,359.5890876,232.4260274,tree
337.8573164,26.36513695,1.244517511,357.6371883,3.15208805,53.96309219,356.8983598,229.6889206,tree
340.0214319,23.54781059,358.0999429,1.978018428,2.748661088,50.45388685,356.8259406,230.378211,tree
336.2541178,22.24496187,354.4927839,357.1630875,3.762764705,51.11325229,359.7908172,232.8407946,tree
333.5478542,20.34347334,353.9035421,359.2940424,2.754753758,52.87362034,359.6659139,224.9052407,tree
333.3382518,21.04198613,353.9610083,0.688492482,2.870784264,51.59541599,359.2532436,229.1561536,tree
341.2117426,19.7380269,359.4557599,359.5401397,3.684382524,51.94957555,0.191858595,225.147098,tree
344.017018,20.82280878,1.64778474,2.610195136,1.972975162,51.37822436,1.218299649,223.9220683,tree
344.7643708,19.90868341,3.204809262,2.585597505,3.928858117,50.83693866,358.8437309,228.158978,tree
341.9367191,16.61590442,358.2318956,358.1638822,7.840773411,54.58069058,357.9267413,223.3748087,tree
342.1057122,22.11084974,356.8256367,358.5644816,7.795283052,54.45977308,357.6628821,224.4587287,tree
344.333419,16.47726216,1.968256988,353.0195152,5.52490638,57.54089982,359.5619142,225.9362923,tree
343.6036883,15.40902223,1.687549566,354.5910871,4.438563722,53.38391818,356.9819788,224.2707527,tree
342.0348266,18.95500546,356.995008,356.5805886,4.479813345,54.14685898,358.1305609,227.7352978,tree
347.4799552,11.74440201,3.756860283,352.3164287,3.607936666,53.24596952,359.9860102,226.9051726,tree
337.5204539,22.94058654,0.603995355,358.5770029,5.214496624,51.90837847,357.5207587,224.7951946,tree
342.3887648,20.51172646,0.292167798,357.3998275,4.766377273,50.64532275,357.8594269,225.1876011,tree
0,0,0,0,4.132768243,51.82709017,355.9678701,225.5213915,tree
336.0106077,21.87377395,354.5424254,359.6820447,4.726393482,50.05676756,359.6154414,231.4402946,tree
342.6713244,21.49984713,357.6835074,358.8973972,3.706626262,48.10468531,359.3628856,230.6998292,tree
338.5743215,19.84185825,357.5379288,359.2025056,4.532412983,49.05594048,359.0072046,233.6039672,tree
0,18.8354197,0,356.4039481,3.035000384,55.97296603,0.622933908,235.6265906,tree
338.4155691,22.72593545,359.9559222,356.3584488,3.414654547,49.35762252,359.4143585,239.476391,tree
24.34030533,331.6440095,347.0088491,357.4203312,9.907548277,56.34626174,9.042933541,223.0508113,tree
340.5314257,21.03849876,356.1721353,357.1834077,7.840523663,52.90158979,355.7191727,227.9969361,tree
345.7627486,20.64710537,0.755137378,357.0389586,6.838576766,51.96602751,356.999221,224.9564978,tree
347.216397,0,2.76232567,0,1.183175037,48.89559139,0.780999534,225.1704248,tree
339.5012341,19.37066912,357.7568909,359.8125254,2.133408622,47.95999427,0.86118656,238.1889955,tree
335.3583579,19.74349875,357.6498915,357.5685247,3.105292454,49.08352252,0.276599342,237.0611985,tree
340.2552433,15.22129043,0.740972562,354.4725696,2.985034844,50.56065813,359.2907758,244.2269314,tree
336.6237032,13.19621486,352.0710084,352.5833665,5.926857762,54.10762748,358.3192379,239.2910087,tree
330.4696664,19.01351535,354.5613314,354.0581191,0.577689406,53.18036894,2.110251346,236.1842676,tree
331.6209365,21.15222444,354.5343754,354.7736763,1.546790175,53.17653881,0.791821547,228.9454977,tree
332.1463921,24.251072,355.9229718,356.4928198,4.79717289,50.82857827,359.4042417,223.4176568,tree
341.5883261,20.83650019,356.3234736,357.9836973,4.787965964,50.92167966,358.2147304,240.0219917,tree
333.4934763,26.04309942,354.6363998,355.3972867,3.780917888,53.14699982,359.0900058,229.9117221,tree
340.8845242,19.29213328,357.2579053,1.184332762,3.794594973,50.38659724,359.5202536,228.519003,tree
338.4766334,21.68607062,357.6349066,359.4970357,4.122129469,51.69004698,359.3889488,229.2406704,tree
342.962067,17.99656719,2.08642329,354.6331285,3.659301061,55.58956067,358.1852239,229.4093536,tree
343.5155411,15.53153532,0.708687835,354.5963471,2.836930515,52.43188454,358.8463349,225.6383921,tree
335.1276078,24.22833982,357.1031317,359.7930208,2.876712117,49.25404302,359.7667974,233.8633066,tree
0,333.7047423,0,355.8479335,0,0,0,0,tree
341.7776794,14.57507876,0.275580288,351.9395236,1.632792892,50.18543276,359.3694903,240.9169334,tree
332.6022291,19.90395554,354.9167067,355.9051106,4.888375389,52.85945923,358.6132947,227.7349263,tree
340.8912275,20.87121332,358.9362472,357.8136281,2.57126615,52.93978658,359.8380172,224.8198472,tree
334.5262733,15.46425305,353.9764739,356.0807647,1.720631296,51.22667698,0.218401427,238.4034364,tree
0,0,0,0,0.928777776,51.43873943,4.605962685,232.4518987,tree
331.6197958,24.01045752,355.5236185,1.928797009,3.348405705,49.28104977,359.3781457,232.4029037,tree
0,328.3029467,0,359.2106842,6.319923802,49.73628166,9.660414311,238.8438012,tree
328.5731606,22.5939982,353.9525474,3.510381621,4.906113461,50.82475285,357.9581649,235.2355087,tree
333.9083304,20.33950502,355.9996104,359.4900493,4.209124777,51.68232877,357.6340458,239.7041843,tree
328.0346982,21.21790453,351.9052433,1.140519768,4.252185774,51.33167777,1.042771887,224.0683619,tree
336.8281537,23.30132743,356.4040821,1.416379946,1.398488577,49.87692996,1.999939935,224.3655106,tree
336.1674048,26.27382356,357.1687612,0.527526571,1.203763227,52.59328617,358.9463339,231.6611877,tree
334.495038,21.70356707,357.7797399,1.069499023,3.508183685,52.68619757,358.9397081,229.8565389,tree
335.0307997,24.26439416,352.737783,0.95636417,5.417389268,55.29244009,358.5260899,233.9153076,tree
342.6521361,20.17785287,358.1607289,359.8442291,4.527099972,55.81000619,356.7935652,228.2802532,tree
341.6179275,17.59132644,2.343332,355.9692586,5.513069657,56.62235016,355.1082512,228.8662833,tree
334.7318458,18.77801752,352.6714199,359.294191,5.889954648,53.06976213,358.3946169,229.2826147,tree
338.1198275,16.50249386,358.370087,356.6368507,4.442184897,55.42824595,359.3517512,236.507906,tree
332.9838586,26.71865505,356.1269501,2.186617655,6.482790836,53.57280669,356.2716592,227.018485,tree
330.7560278,20.088089,352.7992238,2.417273371,5.404894965,52.39363425,358.4812847,231.8400797,tree
332.1991431,23.33081561,358.9836806,0.070471814,1.378393761,49.22502197,359.3686706,236.3790303,tree
333.9376808,21.39562471,355.942909,3.364604873,5.022092004,49.99237428,358.4049281,231.8518604,tree
338.715767,20.4415772,0.283558776,359.6576413,3.140717737,54.16925971,357.9151673,224.5057697,tree
336.6530973,24.1099903,359.6735902,358.9796228,3.408164142,55.43312995,356.767267,229.3418631,tree
338.4980855,21.14436945,357.1239577,0.094093692,2.985125053,52.25514903,359.6668389,230.134843,tree
331.2698634,27.58137981,6.580372262,7.571100624,356.2239078,67.29050564,359.1626893,214.077486,tree
331.7584423,27.42462388,6.851132445,7.364847585,359.5058572,67.78443838,355.2699269,213.0479935,tree
331.15601,28.36780929,6.065256528,9.286955135,355.8547742,66.23579959,357.831337,215.1262211,tree
332.6617237,27.01766067,8.707471683,8.380403399,355.0175721,67.0009494,359.7339004,217.0075312,tree
334.0747815,29.46302755,7.99901387,10.62131014,356.7770427,67.0063351,356.5994887,216.468462,tree
333.7990559,25.60970028,10.34693096,8.003148784,355.7078434,66.62306606,357.4586271,215.3453027,tree
335.6765437,26.98274033,10.05253184,8.888776066,357.0853812,66.25090295,356.8853545,215.3503963,tree
336.0217355,28.53104159,10.40938902,9.591490486,355.9160588,66.65814488,357.6786122,215.0964112,tree
333.5664722,25.16817495,9.820534473,7.331694368,355.9489376,67.00918135,357.2824403,215.0400002,tree
335.3275313,28.22771645,10.22925917,10.07709241,356.1812604,66.10948521,356.8482023,216.3454406,tree
334.8564039,25.68079312,9.645437415,8.405149354,356.1076352,66.38299252,357.1412199,213.8215849,tree
333.7076628,28.93808369,10.56801854,10.05622549,354.2296842,64.81185944,358.4605604,216.4173126,tree
333.7366337,28.2497539,9.30205414,9.713645315,355.3718862,66.36386285,358.5990152,215.2590851,tree
333.7148566,25.57786746,9.539558851,8.227891195,354.8923319,65.57835103,358.5062517,215.5372944,tree
335.5155449,27.4218433,10.64015926,9.31941098,355.1644742,63.9808485,358.3806644,217.4985852,tree
335.8312071,25.13577328,10.88538471,9.004220616,354.9309024,65.83916938,358.0280204,216.0185657,tree
334.9011819,25.07225282,9.659994746,7.056356573,356.2889629,65.06975862,357.1415275,215.8351641,tree
334.4244115,30.69195659,9.985368309,11.42845788,354.7375269,66.7953854,359.3476339,214.6782893,tree
335.8080436,30.24940619,9.910411681,12.32424218,354.8863866,64.98743527,358.6477856,216.8966366,tree
332.4180804,30.71756671,6.754968086,11.44836111,356.7609026,64.27028168,357.7832659,215.5521924,tree
335.313262,28.19032744,10.4674441,10.14289694,354.9236251,65.49752552,359.119053,215.5155848,tree
335.6150498,25.33830702,11.21486628,9.635543145,355.7347512,64.42544792,356.9052428,216.3203094,tree
333.837777,26.72870163,10.79857334,8.913417779,355.1412888,64.7910605,357.2389315,215.0159134,tree
334.1006902,27.59543676,10.10494085,10.49416045,355.2027839,64.14496883,358.5517836,215.9116913,tree
332.5438141,27.66744956,8.745541189,10.46830048,356.4790055,65.87501835,358.1623283,214.6407264,tree
334.8083524,28.62848071,9.628131428,9.692442897,355.1382086,66.51881592,357.9883749,212.9213851,tree
334.2915769,28.75820164,10.191786,12.30693263,354.7135515,63.74596901,358.0151114,214.3362106,tree
331.727166,29.20266444,8.36942356,12.01785912,355.0610992,65.6602467,359.0008148,214.954631,tree
332.8384004,26.20971036,9.356810359,9.432840796,353.9078473,64.29659845,0.083616783,215.9205595,tree
331.3463586,26.22528648,8.39505807,10.99892595,355.2535529,64.90265983,358.181528,214.3068681,tree
333.0656084,27.4381016,10.98767551,10.44437154,354.7179232,65.41486328,357.6123589,214.0326995,tree
335.2253474,26.5707563,10.3478742,8.965385867,355.1189236,65.91558281,358.3007196,213.6338828,tree
336.7547516,26.64380578,12.28209714,10.39581178,355.0085824,64.24247568,357.7615952,215.8488243,tree
337.3026278,26.29853415,11.4331645,10.47697904,355.9152077,65.04973844,357.0599675,214.8026636,tree
332.8708821,31.37039495,9.454794147,12.02025007,355.6642092,66.24459951,357.5657749,215.1863692,tree
331.8216968,31.54441355,7.858345918,13.5495429,355.5404757,66.64644187,357.7857604,212.1194207,tree
334.4355583,29.1078699,10.74105151,11.20575395,354.0126109,64.67300984,358.3481513,216.213659,tree
335.1052575,27.72581318,9.305791057,10.44822625,356.2364786,65.42516576,356.574477,215.9477895,tree
334.6767207,25.454092,11.07501748,9.085530495,355.0551143,66.0236977,357.7221436,214.6856394,tree
335.5474839,30.91920217,12.21496526,12.522062,355.4438785,64.30749409,356.6459035,213.9612874,tree
336.469733,27.72228842,11.26261444,12.14543827,354.9784334,64.13774983,356.5870269,214.91472,tree
335.5852144,27.14262712,11.09142163,10.12725021,353.9745268,65.35353083,357.9222551,214.8084667,tree
334.5458957,27.30844268,9.197827054,10.74073845,354.8479388,64.7307198,358.3195734,214.2926948,tree
335.8656904,30.70180504,9.958101101,12.17384403,355.4614719,65.19754161,357.330316,214.0873671,tree
334.5460801,30.23431385,9.424311464,12.68853572,356.6290369,65.79777934,357.0367748,214.5378548,tree
334.5739216,27.98293186,10.04453993,10.82749287,355.6652632,65.11256345,357.6800757,215.8778551,tree
336.2339103,33.25692062,11.88756514,14.80433065,354.4678258,63.20348037,357.6019465,215.5733442,tree
333.6297287,29.12206211,7.49410757,11.77903414,355.5933116,66.42116905,358.214218,213.3603667,tree
334.6215427,27.3995627,7.295795368,9.763830963,355.9024211,65.69782554,358.1359029,215.9178782,tree
334.125613,31.04885171,10.885549,14.25383667,355.3250595,64.14282419,356.5491652,215.2977981,tree
333.5358253,29.30687778,8.418224935,11.64859221,354.4665844,64.80495571,358.1190356,213.7594856,tree
331.9245899,25.05159648,7.532645001,8.91843126,356.8322709,67.17437911,356.4533459,214.096493,tree
332.0594213,31.17170653,8.693397152,13.54999906,354.2699413,63.54861527,358.1003597,215.664507,tree
333.2926318,29.7017242,8.660473282,12.91208859,356.0174748,65.28947131,356.8995934,215.271348,tree
333.4425892,29.98612527,8.174907728,11.94966751,356.2032536,66.11274774,356.9906781,212.9972795,tree
335.3878057,27.8940099,7.158889987,12.00965307,357.4047188,62.92559544,357.3685361,214.0329225,tree
331.4733901,27.45474121,5.604937231,10.5483465,356.3913218,63.09366339,356.9936634,212.7736606,tree
333.4171145,26.93526086,6.880383459,10.39436897,357.8371705,62.12400682,355.4683317,214.9376511,tree
333.1405444,29.15749302,6.518753223,11.67275148,357.6336729,62.72332551,356.052134,213.5514564,tree
335.7519853,26.90809799,8.865361257,9.822886329,356.3969463,63.36645114,356.873166,212.8456758,tree
336.433725,27.96094297,10.50329009,10.19291996,355.4796312,64.27597487,357.7077082,214.5293328,tree
333.7999152,30.33231175,6.853804137,11.30275125,356.6094543,65.23869648,356.6684579,214.9224229,tree
334.4495174,26.04671158,8.182506812,10.28017134,356.9833242,64.13866529,357.1495656,215.2501988,tree
332.9391461,29.29854758,7.059461764,12.74728591,355.5929003,62.22936191,357.8265151,215.2758168,tree
333.8625438,31.43187495,6.579300092,13.87164114,356.6698995,63.64450514,357.2359251,214.9644188,tree
333.2307104,28.9283291,5.364775048,11.38631469,357.5894402,65.10537858,357.0467644,215.1290068,tree
334.2673074,28.89756428,8.644245313,11.63167789,355.7929658,63.91520273,358.3036369,215.0799025,tree
334.975776,26.7390033,9.378468146,11.19221235,356.7081788,63.72247133,356.0236287,215.0481102,tree
336.4374743,29.82286999,8.251433362,11.01698125,356.7416983,64.93072202,357.6774849,215.367105,tree
332.5744735,30.62445252,6.11516429,10.67246566,357.5726456,66.69801259,357.0861545,212.816788,tree
332.6531533,29.93515537,6.466396543,11.70248643,356.6052121,64.78670287,357.6208625,215.3110982,tree
333.0625619,26.34795738,7.012774873,9.872006498,356.6205558,64.94761029,357.1806503,214.6089698,tree
335.4201498,29.77213707,7.149404236,11.28858426,356.2111226,65.16153089,357.5198392,213.0511231,tree
337.2071338,26.7777854,11.2367417,12.50950046,354.1698048,61.8297212,357.5746038,215.6827223,tree
336.6939622,27.29198692,10.33808467,10.87052216,355.1550869,64.66082054,356.8549527,214.9118635,tree
333.2282692,29.28849862,8.067630007,11.16284453,356.0810515,64.96836996,357.474414,213.5683063,tree
333.0761635,28.11803088,7.383754609,11.55888245,356.3949385,65.57598509,357.6332905,214.9885087,tree
333.9587216,28.1870778,8.964436835,11.73541701,356.3965568,63.76385082,356.7014884,214.8249916,tree
333.9517521,26.07029348,8.922776682,11.39439035,354.8964375,63.20971705,358.6067154,214.8917597,tree
335.7119584,29.30853152,8.825461263,11.46613637,357.2257091,65.38321597,356.1579947,213.3511387,tree
335.0256969,30.55853398,8.665462884,14.10558996,355.295658,63.90810772,358.7425361,213.981105,tree
336.4602748,27.34602665,10.02514239,12.51593015,356.4325007,64.72030069,356.7389056,212.4264418,tree
335.5136446,28.16019299,10.67760208,12.23997062,355.9630042,64.75317901,356.8400745,213.622877,tree
337.4419505,25.94015094,10.56331351,9.49706699,356.5400932,64.8400467,357.6416008,214.6302291,tree
335.9583579,27.18089684,10.48421593,10.08094121,356.2019618,65.82456191,356.854859,213.718367,tree
334.4814021,29.66070092,9.958179836,12.29855742,355.5006152,65.0962548,358.0205336,213.830212,tree
337.708446,30.23158074,12.11248654,13.14188863,355.8390326,63.624346,357.2224646,214.9472211,tree
337.7012084,31.53206317,9.594952861,14.95270251,357.0276559,64.31205457,356.2115048,213.5148888,tree
334.2813607,29.78876494,7.278771941,12.09274633,357.4742264,64.85994481,357.0831899,213.3938236,tree
336.8694188,28.07939425,10.12086822,12.17955238,356.3625852,63.28583629,356.326247,214.8724135,tree
334.4484254,30.35800137,7.37335922,13.04252387,357.5441239,65.3296011,356.4425437,213.6513339,tree
335.3819279,29.93379904,7.834985473,12.59317638,355.6580589,63.76318273,358.6879145,214.5613395,tree
334.1337418,29.32697651,8.592836787,12.65323948,356.5075873,63.71516683,356.4716898,216.0947458,tree
334.2778606,29.45154225,6.701525398,12.30980114,357.6976089,65.53367122,357.8070751,213.2663485,tree
333.5347358,29.04900955,8.421260407,10.75064189,356.4427868,65.64599985,357.0128812,213.991306,tree
332.1832902,27.13086913,5.905985769,10.56629812,356.0358837,64.93507188,357.7633983,216.0543946,tree
331.8286463,25.51596494,3.424164592,9.715213638,357.1088059,64.01853897,358.8960956,213.9577531,tree
334.1069319,30.26121604,6.605663611,12.26842267,356.0190659,63.40067854,358.9239095,215.0657713,tree
336.0986026,27.62456408,8.075098372,9.918365983,355.9992294,63.6519157,358.9081314,215.4810349,tree
337.2269619,25.53008352,9.880277637,9.708602922,355.546426,64.07276579,357.6654427,214.1825206,tree
336.8740318,28.80134884,9.680614506,12.03408279,357.1138488,65.98032008,357.0812384,212.8310949,tree
336.8924748,28.63745528,10.54488336,10.95059754,356.0922528,67.80583361,357.3158235,212.4380336,tree
335.429136,26.95079746,10.4942949,9.71150763,354.6404366,67.41264409,358.0824877,212.0756009,tree
334.5004769,28.87610989,7.47776658,11.88055141,355.7428246,66.47427149,358.2749966,213.3176494,tree
335.0710414,29.86340589,8.875946909,11.21307302,355.9478014,65.63707907,356.8808021,215.9376898,tree
331.9725389,26.79912158,7.609555916,11.22851082,355.3265823,65.33826438,357.6222781,213.5887268,tree
334.7354233,23.07515607,7.084433902,8.345402206,357.4209653,67.68567526,357.0981574,213.2802712,tree
334.4624288,26.39719906,8.415027143,9.92715974,355.820496,67.59885486,358.7548243,212.4409784,tree
335.0914337,25.32098473,7.377047578,9.323146036,357.6470808,67.6391896,357.9951422,213.4145267,tree
333.3401532,21.40849593,5.268670925,7.169554325,357.843538,67.93266198,356.9050345,213.1688418,tree
334.4985047,27.50606171,7.31123878,10.31009799,359.1773832,68.59852043,356.0468878,212.909281,tree
336.1521703,27.85679128,7.681565108,11.57369256,358.2096231,67.97831416,356.3827072,213.6978192,tree
335.0332653,27.66730067,8.236532425,12.27287477,357.1129486,67.51263179,357.6444449,212.8235895,tree
331.299702,25.79659288,4.546999075,10.3372146,357.5530698,67.30209542,357.810723,213.4983498,tree
337.9633146,25.28070838,7.844477315,10.20397671,357.9430823,68.66594953,357.4580875,212.4250477,tree
338.6554675,26.59982018,9.992536567,11.20278897,356.0960795,67.59626725,357.8277788,213.7644961,tree
336.3793982,27.33182596,8.331931481,11.59740796,357.0717557,67.89662422,356.537396,214.135501,tree
336.6853929,27.1950827,7.029330403,12.0600778,356.2752511,66.53767673,358.4217696,213.9201465,tree
333.7466589,26.17191201,6.062239904,9.887897809,358.1332908,67.47945658,357.3891271,213.7402395,tree
336.294485,25.65849654,7.770190254,11.254477,356.7125576,67.45883667,357.7540376,214.5795906,tree
336.0432654,25.99427311,8.934256079,11.38584256,356.7140456,67.40753581,357.6547736,213.2305021,tree
336.1034125,23.85829642,4.929374016,9.166125377,358.44873,66.07661419,357.6475344,214.4088829,tree
336.9774751,28.63471893,6.911753093,11.988996,356.9928209,68.54888883,357.8666065,211.6641026,tree
337.0331415,24.42087424,6.400171947,8.535295461,357.3672711,67.28496925,357.3304871,213.1978186,tree
334.7437562,22.52714839,3.799395807,7.347795057,357.3317235,68.32465364,358.840343,211.8127729,tree
335.1713847,24.13590205,3.996801815,7.147638948,357.5432989,68.65906046,357.8874233,212.1883473,tree
333.6930852,28.50937155,3.827354863,11.53493643,356.92986,66.99360598,359.4285509,214.0710923,tree
335.653672,29.65532618,5.113848236,10.50387375,359.1957717,67.57555899,356.5362851,213.5320082,tree
337.3129409,26.62665764,8.220610419,10.54835982,356.5495371,66.46281796,357.5748774,213.7541403,tree
335.5383277,25.96174152,6.431087711,9.631365278,356.7195265,66.84517926,357.6534086,215.634594,tree
335.2899831,26.32455234,5.38804179,10.98332605,358.1769104,66.90860861,357.2604399,214.0999899,tree
334.6458437,26.08032429,5.934616641,10.77855381,357.0280722,67.45752815,357.8567254,215.3462664,tree
334.9677621,25.66379586,8.472814974,9.537170059,356.4123491,69.25442535,357.3531973,211.7618838,tree
335.0388806,22.66801186,5.380855993,7.420525552,357.183643,68.27104779,357.4629326,213.2084956,tree
335.5371009,24.25059056,8.307230232,9.713464015,356.4846992,67.23838274,357.5835376,214.8181429,tree
333.6021274,24.66953548,4.484942566,9.762862734,356.8968204,66.3683418,357.6967293,213.87915,tree
335.5711206,24.40432716,6.596257973,9.541964057,356.7010268,66.94717191,356.5569266,214.2179624,tree
334.3426654,23.65036822,5.205733727,9.693972661,357.1805225,65.56766603,357.7050208,214.8401155,tree
335.5544212,26.66974874,6.918989993,9.523056685,357.3462703,68.82017009,357.0982011,213.4753658,tree
334.6504593,24.19898161,5.510012407,8.782322108,356.8618813,66.99581059,357.9385381,213.5223583,tree
336.7978189,27.54393276,9.088171549,10.67062643,356.0860048,66.93251167,358.5230915,214.8297138,tree
333.8688648,27.13279198,4.994007174,9.602603291,357.7898767,68.21827861,357.2746439,215.1172199,tree
329.9371091,21.41911031,5.792966938,8.210784855,357.0272838,67.30325333,357.4771816,214.3156185,tree
334.9663414,25.66269011,9.009541161,9.746618919,356.4732247,66.97552528,357.2826359,213.6370716,tree
335.8691906,24.90302943,7.204551298,10.00270441,356.5686613,67.46885009,358.1862976,212.907828,tree
332.7343647,24.48864897,4.794683609,8.557313153,358.3819319,68.0965172,356.9357092,213.6980555,tree
332.6425128,25.74555494,5.496438717,10.22858586,355.7933678,67.63435083,359.4538545,213.5024026,tree
335.4993696,27.57911074,8.792362148,12.39610935,354.6858278,65.70819285,358.7755267,216.0628044,tree
332.0598221,25.82925527,4.761493489,8.808934198,358.9059846,68.08235339,356.6487407,214.6501296,tree
330.5005876,27.90616502,4.539985181,12.61519839,357.3600844,65.81356753,358.3229215,214.8360219,tree
332.8275244,26.05453988,7.433185425,10.29404628,356.4524147,67.18455782,358.8143415,215.1547927,tree
332.407817,25.12327886,5.969493752,10.02750127,356.5779133,67.24555082,357.6258994,212.579966,tree
331.3090632,27.68282921,6.06159197,12.34494516,357.4384956,67.55006902,357.7402489,214.6016542,tree
333.0143231,26.95798421,8.474908011,12.44515751,356.9618547,66.16607191,357.3923007,215.2313138,tree
333.3357511,25.92437942,8.785827724,11.93130072,356.2759958,67.46554198,357.0788053,212.7894377,tree
333.1613531,25.7139263,4.612931063,12.49488632,357.6568614,65.64435542,357.8304218,214.9598507,tree
334.0567395,26.8446096,5.907053921,13.74512763,357.0736399,64.22540931,357.7473348,215.0245128,tree
336.1156054,24.54397385,9.706607038,11.3968779,356.7064906,64.28839232,357.3530385,214.5370745,tree
334.45895,24.70312063,6.464173635,9.544303321,357.3756571,66.98728009,357.2378187,213.8871832,tree
334.8413004,22.87288746,7.258752577,9.126151653,355.9471856,65.48933047,358.1956278,214.5394933,tree
335.6136948,23.9367271,7.711660788,10.52556079,356.9730156,67.14058266,357.6083693,212.9830467,tree
334.2680854,26.0186003,6.127332915,11.25909078,357.2042851,66.51267456,356.6584431,213.4644032,tree
333.7367344,26.12294553,5.926768038,10.40411974,356.6904217,67.81515553,358.1327649,211.5666948,tree
335.0575803,22.41023116,6.830619769,8.302062601,356.8501592,66.30034431,357.8747919,214.6365169,tree
334.5509891,27.48030605,6.147070178,12.06155326,357.2090109,65.95152276,357.80574,213.3560766,tree
335.62688,28.05118325,7.713453332,11.64944195,356.7647788,66.15895609,357.2967334,214.5305984,tree
331.8866818,24.71522509,6.826090168,10.95590644,355.8705491,64.90761747,358.9150381,214.7081901,tree
335.3385512,24.93405183,10.5937124,12.17647872,355.0519351,64.79328792,357.5962468,216.3663964,tree
332.6797565,25.08747788,6.185900951,10.8940806,357.2902683,65.75425605,356.8984415,214.3175402,tree
335.527484,26.09000192,8.762302953,12.06795292,355.7159699,66.04016623,359.43252,215.5716592,tree
335.1101368,25.93405143,10.47138105,12.15748872,354.9782792,65.02726514,358.2831802,214.2735709,tree
333.8187473,22.55149288,7.173600339,9.803740171,356.4210723,65.26701647,358.2187893,214.969153,tree
332.4619743,26.42372112,6.203191301,11.42919126,355.4973735,65.76593067,359.0226195,214.8330753,tree
336.1371987,26.63284689,9.378560279,10.69347336,355.3499803,67.11973169,359.2613993,213.7392265,tree
335.9782069,22.90071841,9.186551532,9.646761436,355.4547462,66.31919844,358.6283032,213.3340936,tree
337.7300482,21.220291,11.86620054,9.320664318,355.2140031,66.32036634,357.4410256,214.5620617,tree
333.0102393,25.39662928,5.453187005,11.31068776,356.1299371,66.21123303,358.6445678,213.9743523,tree
336.7787291,24.97981507,10.2819488,11.21894172,355.380426,65.39658368,358.3852442,214.3357468,tree
335.4844006,23.25952827,8.585126514,10.75985547,355.8969455,64.78371233,358.0154275,214.6276143,tree
336.4680496,22.30015027,9.23661106,9.644562363,356.070429,67.71912356,357.8044682,213.3251112,tree
335.6020277,25.81346092,10.1488754,11.14790193,354.4199264,65.5293835,359.2118311,213.8691009,tree
335.890769,25.15351647,9.653244118,11.89571555,355.1878433,66.19061244,359.1422767,214.3765345,tree
333.7969149,24.71669883,7.600296832,11.69683963,357.002482,66.17877616,356.954883,214.4027517,tree
333.6240082,25.86844513,8.517887532,11.76472572,356.3068822,66.01140947,357.613389,214.5116299,tree
333.5165387,24.98446734,7.946616701,10.73445095,356.1939118,67.06755131,358.5109075,213.0069703,tree
334.7753841,25.30760141,7.541770335,10.99577068,357.3631631,67.91951518,356.6714217,213.5422596,tree
333.7555761,25.77042989,8.797562347,10.74771174,355.4926134,66.60321195,359.0754768,214.1027678,tree
334.0639087,24.98906253,8.671432063,11.60285983,356.2674354,67.11926704,357.5737535,213.3097025,tree
332.880212,25.31736149,8.198703954,10.49716479,356.4801968,65.49799282,357.3687668,214.6797253,tree
334.0847249,25.76257713,9.768724567,11.75141764,354.4922842,65.45919964,359.1602617,214.6895579,tree
331.8988095,24.14129028,6.569350127,10.98947755,356.9411582,66.15236776,357.9320295,214.369677,tree
332.844384,24.71232779,6.166957397,11.92087501,356.6072838,65.40170134,358.3916447,214.1429297,tree
331.9337898,26.47892242,7.276794111,12.14504782,357.2811295,67.57268223,357.7671395,212.9505012,tree
332.7721057,26.55518598,7.469458626,13.05791279,356.6430125,65.87722167,358.6690722,215.2588652,tree
334.0346835,25.47666392,10.53850394,11.35262173,355.2244834,66.36114403,358.5803027,212.8104968,tree
330.7316167,24.85067645,7.534558009,11.05732944,356.660121,66.84312177,357.1693257,213.5446569,tree
331.5184889,26.34997351,7.192753627,10.80483446,357.0987141,65.93061464,357.8701194,215.9353318,tree
333.0564229,25.49129561,9.484879364,11.19827251,354.8251429,67.23743622,359.3947361,213.0760849,tree
332.1051962,25.91603778,6.320312711,11.74942514,357.0107455,67.19917959,358.2290378,214.623868,tree
332.4704303,24.79728583,6.12564443,10.90859381,357.5320746,66.89525362,358.5889009,213.4084683,tree
332.5560494,26.64398319,7.246643163,12.09744375,356.5672914,66.48903891,358.2547923,214.0436534,tree
332.6144277,24.76849547,8.998698269,10.00565705,356.2041278,67.07451487,357.97737,215.1826203,tree
330.7467997,23.77934217,4.628468144,8.9920665,357.8330753,67.82015794,358.877445,212.465963,tree
332.467107,27.482672,7.105714216,10.90854636,355.993714,66.98270221,358.7382184,214.7270152,tree
329.5492601,27.05441465,4.942288325,12.97899648,357.5649905,65.07723001,358.1747551,213.98124,tree
344.5791744,8.704060673,13.57075177,351.0547003,5.704769132,67.25309533,355.8000684,210.09684,tree
342.6658984,11.09500787,13.91749916,353.5781113,6.69051802,67.67349377,356.0236935,210.6350666,tree
346.169687,7.170735487,14.40658759,349.5451131,6.030536316,68.34081628,356.0924998,211.0016621,tree
342.4328945,9.96703423,13.75900531,352.6423034,4.95203195,66.06568922,355.8839709,211.7315775,tree
343.3491466,9.809522403,12.45335537,351.8397927,5.631785394,67.55349024,356.6459362,210.0860972,tree
343.831111,15.48361628,13.26394782,354.7333349,5.165647129,65.74676018,357.1295593,210.5811135,tree
340.6676805,14.41470481,13.70892205,354.1724986,4.361185525,67.78695564,356.2694837,209.327104,tree
340.4790736,11.10587717,12.81132651,354.0863705,5.289596745,67.37929946,355.9187772,210.2983773,tree
344.2652143,18.46826023,14.20456978,356.3444514,5.914997787,67.28229267,355.9058275,210.1855576,tree
342.0324393,10.25911668,12.70257775,353.2473507,5.986124795,66.89642712,356.3541573,210.2170994,tree
344.2830882,10.06149122,14.24983294,353.5668927,5.427712504,66.54901315,356.3810737,210.6369972,tree
339.2755517,10.12915116,12.87140596,354.0541729,6.531691473,66.66960993,355.4614268,210.8228159,tree
341.3950439,13.50647354,13.90857593,355.3495658,4.881061926,66.53023855,356.7181781,209.7634246,tree
339.5759359,16.86985008,13.14954307,357.2328897,5.683562243,66.32109934,356.2438701,209.4593574,tree
343.1043284,14.25011664,14.0297639,354.5622461,5.372093906,67.18218932,356.1223344,209.814065,tree
340.801605,9.257631334,8.691242596,351.4872134,6.392670617,66.45269478,356.3740997,213.2815568,tree
344.1408596,7.797415925,12.64615354,352.0255849,4.242710936,64.91964688,356.2756963,212.4215643,tree
343.5073163,9.375587211,10.8034297,351.9592235,5.605341083,65.60300019,354.9476399,213.0898218,tree
343.6746032,23.59753174,13.85241729,358.7876835,3.891027603,66.28000738,356.4934782,210.3508081,tree
342.3227243,19.61646463,13.46123252,356.4783705,4.154843122,66.36989886,356.7849426,210.9862098,tree
340.3660198,19.52202033,12.38684629,356.738435,4.426527025,66.46352725,356.1329834,211.6891426,tree
344.4746142,20.63016197,14.50363024,358.9744619,3.773699708,66.64979904,356.381329,209.5876626,tree
344.3525031,18.02607037,11.03543998,356.6869078,5.953156831,66.65929996,355.7736299,211.3312368,tree
343.0407458,11.25513903,11.93894413,353.8009707,5.310077981,66.15346166,355.8623783,209.657998,tree
343.6479841,2.037964525,11.26580863,348.9322352,5.061416941,65.91237909,356.5531098,212.6794761,tree
342.4391892,3.517803591,11.49778982,350.2637576,4.368460277,65.67979205,356.3627473,211.2417758,tree
344.8001571,7.771938936,13.1585173,351.1318152,5.295157995,65.31545353,355.0570452,212.1313105,tree
342.9247258,10.91230269,13.77070843,353.6029121,3.948756603,66.18356581,357.6780701,209.4258852,tree
343.7565229,20.11124131,13.18662207,356.8430509,4.039044537,66.71188419,357.0292292,210.4179151,tree
345.1410144,21.42428447,14.69825049,358.7356952,4.812003032,66.03607359,355.4195902,210.6396491,tree
346.0476516,14.23171125,13.18753459,355.2165426,4.561357625,65.69623185,356.7816761,211.4571378,tree
345.562014,5.691591517,12.50309969,350.0629447,5.674612573,66.3102262,355.7106078,210.8913412,tree
347.5793747,0.997961993,13.57783783,346.3502264,6.774464941,67.18610973,355.0130727,211.6189692,tree
339.9575377,14.09006063,10.96992781,352.2652687,6.379403607,66.68056427,356.4911911,210.2815274,tree
341.5670489,15.90778503,10.81932388,354.3652526,5.866292602,65.8340757,355.9999162,211.5381669,tree
342.4881236,14.31385587,11.89682991,352.0752981,5.8482382,66.39568582,356.2669462,211.0675495,tree
344.6470785,11.78047499,11.04313559,353.2091902,6.465535688,66.90777373,356.5982767,209.5681547,tree
343.7247208,5.809520236,9.389654076,347.6935184,6.747705745,67.20071301,355.4724642,210.6408209,tree
347.7383354,0.468776443,10.99112488,347.0629193,6.11804595,67.64251673,356.4052217,210.9530765,tree
344.6274894,4.339174726,9.554009144,350.278339,5.090608291,66.04157402,356.5908743,212.2514336,tree
343.0013539,6.415248672,9.360846728,350.2467021,4.777893145,66.43786403,355.893604,211.3565263,tree
345.5311096,5.271670702,9.082742492,349.5263804,4.879040854,66.05633279,355.8869552,212.0795719,tree
341.2147162,12.08668412,10.63116977,351.5599036,5.763172603,68.19744626,355.5153526,209.6231038,tree
345.1883156,15.32509895,10.81806045,354.1234065,5.242946235,67.23807744,355.8554518,209.6200543,tree
343.835652,14.58063023,10.91168609,352.5550361,5.124508809,66.83639552,356.1148147,210.6235684,tree
345.3757034,12.22423318,10.93791058,351.5680137,2.37087147,65.42705352,356.3493029,211.714267,tree
342.9250159,11.95602265,13.13581409,351.6106658,2.667907992,65.66047945,357.0862445,209.6398694,tree
344.3336527,13.50858595,12.11329914,352.1311189,3.463377651,65.45595369,356.8314242,210.4983722,tree
344.9124042,11.46353539,12.41446046,354.0895017,4.306871832,65.42450969,355.7552974,210.6079727,tree
347.0196412,1.612689397,12.53579074,347.8267174,5.079747329,65.60674714,356.4457599,211.9708829,tree
345.3138904,9.402886607,13.61601298,350.2662391,4.842557131,66.15095453,354.8225305,211.1023319,tree
344.6049311,5.289051462,11.61744223,349.3908101,3.869122293,64.10094813,356.1669533,213.9056861,tree
347.1195154,4.796836174,11.2725089,350.1336933,5.109374293,65.31550375,355.959861,212.5357837,tree
347.6277079,8.470194177,13.1369465,352.4909137,3.663984599,64.35163116,356.4470013,211.15084,tree
343.9035483,13.47581213,11.59503087,352.5821147,5.10615041,66.25872943,356.7203726,210.0317249,tree
340.491568,15.43478703,9.849035164,355.2067209,6.536937379,66.63106438,355.1805716,210.214493,tree
340.4872704,17.68395592,10.18723167,355.1022478,6.20356099,67.76706129,355.7202074,208.4037591,tree
348.3065938,15.83700005,11.40416963,353.7800865,5.299228038,64.79428194,354.9588678,210.3877874,tree
347.881078,359.9739901,12.37291769,345.3609976,6.031163667,65.38991374,355.6991295,210.8379934,tree
350.1595805,358.5584942,16.4053037,347.5042683,3.638919384,64.28780546,357.3725465,210.410843,tree
348.5281553,9.767949123,14.77318077,353.894029,4.44943279,65.95821084,356.9508047,208.6919049,tree
350.3990164,3.473495899,14.4595325,350.3702426,5.096744379,66.60219277,357.0798506,210.4042855,tree
348.8671296,2.250581894,14.42584638,348.2867893,5.384907929,66.42331064,356.835698,209.4535367,tree
354.8248749,357.235474,15.51256812,346.422186,5.817824714,66.43847896,355.1067983,209.4898046,tree
345.4090298,358.8175587,11.46714367,347.0578124,6.460256601,66.22970534,355.8228731,211.1114794,tree
352.8153069,359.8697893,15.50282765,345.2897554,5.681182352,66.05160162,355.8209381,210.4575647,tree
352.1823908,355.5297454,16.87451165,344.948014,5.783424986,66.3683896,356.4140617,209.2228863,tree
352.8099267,1.160372618,16.37434977,345.5183804,5.961917045,66.84333427,355.7091856,210.2422255,tree
351.6795211,7.420383353,15.22335273,350.0565762,6.251110661,67.14704304,356.1355382,209.8077795,tree
351.904179,352.0358817,15.84197117,340.5400401,5.344502144,67.02740608,357.084927,211.2648763,tree
351.3965789,354.2267626,14.69088381,344.8518236,7.035551985,65.87256833,355.6258024,210.7731512,tree
353.034336,0.17131817,15.16827925,345.5324078,6.185972982,66.24350343,356.2185267,210.5936595,tree
351.7215848,359.2788893,16.53972829,346.4611722,6.147219007,66.87225907,355.8386718,209.5618071,tree
348.2421965,16.8794856,13.38970211,355.6416596,5.630830119,65.57616124,356.3758121,210.7054772,tree
348.3821886,0.077453752,12.53228568,345.8736087,6.930756819,66.88763442,356.0221374,209.3872747,tree
350.668531,2.918765093,12.02426559,348.3267998,6.573432818,64.57753492,355.5237739,210.2223219,tree
350.8801037,357.337703,12.06809023,344.5099375,6.445646205,65.67126203,354.9221743,211.1528679,tree
349.6740129,358.9693477,10.79117859,346.2059074,6.322208572,65.8107331,355.12278,210.2834466,tree
353.6906854,4.82475508,13.74394397,350.9595576,4.425616059,64.61101675,356.6268902,212.1838474,tree
351.8512601,5.674149337,13.75509925,350.0947631,4.775928718,65.92883266,355.9187447,210.652734,tree
348.1358807,3.834932558,11.99059825,348.4426048,4.884238053,65.9083427,355.9505351,210.8722814,tree
349.9889964,0.259601407,12.29759192,348.4457127,4.781029954,64.89227152,355.7232551,212.5605118,tree
346.7756264,2.28404136,11.63339229,346.6339299,3.796941259,65.55391664,356.8896146,212.2369433,tree
351.3761996,5.424048832,13.14138417,350.1642803,4.88967979,65.70747207,356.0374165,209.7784901,tree
346.4231217,8.69913041,11.08761335,352.4575949,5.220770036,64.50546497,355.038869,210.6873208,tree
345.7736471,3.039788184,8.72810292,349.4401024,7.137617703,64.69114007,354.7321115,211.1689955,tree
349.1173022,6.963268402,12.4074047,351.1766903,3.903126303,66.00195124,356.006327,211.2516592,tree
348.7392078,6.97379894,12.10143143,350.898586,4.759793838,65.38582278,355.984645,211.3376385,tree
345.2018167,7.146751824,9.512814112,351.8386889,5.79910976,65.19756663,355.6032882,211.2944224,tree
350.60639,9.169165617,13.31627343,351.2809368,4.221202687,65.3535995,355.4487638,210.2713605,tree
347.6089139,13.07402931,14.02755147,353.4667982,3.661866668,64.71681847,356.7653045,210.0998882,tree
345.6151788,19.06943372,12.56428383,356.4323856,3.556188929,65.18953068,356.6469651,210.2367101,tree
345.8867657,15.8752153,12.2671164,355.1315184,4.823279616,64.88167023,356.4979803,211.0417019,tree
352.4580878,11.84298989,16.00431598,353.3967771,5.406447647,65.67273146,356.1426546,209.5911313,tree
346.6512748,13.18259327,14.06362318,354.0689174,3.983062586,66.34009578,357.5149951,208.9929733,tree
352.1689194,3.857180151,15.98280787,349.7846396,5.347690824,65.863662,356.5677977,210.07846,tree
349.0554064,355.9004946,16.24257571,346.9012151,6.995955201,67.21572659,357.2480404,209.5961916,tree
349.1065678,0.099594227,14.26971786,345.9519406,6.586693368,67.19032838,356.6336193,209.9601331,tree
346.6843136,355.1400326,15.71466017,344.6606289,5.795529828,66.52518774,356.0144807,208.6538173,tree
351.417434,6.180595658,14.69258529,350.0899968,6.434621094,66.47440082,356.1958444,209.3249359,tree
348.619739,5.411409802,15.34169628,350.4902492,5.898492856,66.41693031,356.8698784,208.8771468,tree
350.1474556,0.858068094,16.5017174,344.042431,5.993857123,65.35122281,356.6603168,210.7697496,tree
350.5020635,353.6708458,12.95048669,345.1347776,5.673698079,65.46110363,355.3228117,210.2990431,tree
349.4525811,2.182807547,12.39214492,346.9909556,5.4061096,66.09702773,357.1618356,212.1490798,tree
349.5286856,8.818576877,13.62913279,351.2709506,5.306615651,66.88669107,354.9564791,209.6959001,tree
347.2652072,3.591870257,11.38275565,349.3724312,6.569180818,65.77221531,354.9232669,210.8832018,tree
348.3366305,357.0778896,11.14415556,345.517051,6.815558176,66.65415164,354.1721587,210.5609408,tree
347.7816196,356.2847339,12.96720542,344.9933685,4.350518212,65.77343056,356.3546568,212.5993595,tree
348.0077667,358.9233517,10.87914597,345.9587557,4.344344264,64.78915864,356.4289394,211.1390686,tree
346.6084032,3.181331812,10.98210279,349.9551255,4.320079095,66.52026869,355.8217965,211.3684305,tree
346.7336239,2.932935096,11.51995754,349.072031,4.321524297,65.53933853,356.5402217,210.6866063,tree
346.7022633,0.000423872,11.64036496,348.2280792,4.754805227,65.87290349,356.3015216,211.1312368,tree
346.0523596,3.100681714,11.43389112,349.0336131,4.445985697,66.17403147,356.7843926,211.8860491,tree
345.6163652,358.5895136,10.87502057,346.2623757,5.392594267,65.91128996,355.775786,211.4521674,tree
348.84619,4.138918514,12.98342241,348.9402003,4.858890743,65.2220394,355.3269428,211.1892914,tree
347.8693611,2.279519623,11.65500406,348.3541426,5.2864788,65.14179119,355.567264,211.1063701,tree
349.4002277,0.249030485,12.16312624,346.7675508,5.385355096,65.31698499,356.2722056,211.0429555,tree
349.8362179,5.50211084,13.46299226,351.821852,4.90469492,64.8654983,356.2938587,210.8741403,tree
347.809525,4.71892812,14.1642701,350.278665,5.09386155,66.415555,355.9074285,211.7875965,tree
347.9108226,4.643530262,13.1988889,351.3104418,4.680453421,64.91041258,356.5390855,211.1501104,tree
349.0627096,359.8552481,12.7414408,347.9901228,4.943071003,66.61007783,356.1618435,210.4069913,tree
345.2118822,7.950711144,12.49115438,353.5337048,4.51504511,64.47491248,357.0287388,210.8195848,tree
347.1157981,3.225513863,13.11721792,351.5758053,5.477838656,65.76321742,355.2377386,210.6040223,tree
346.0217837,12.80216933,13.65541072,354.3014996,5.488198031,66.7429682,355.382593,210.2997428,tree
351.265905,358.3369958,15.58959545,347.2006344,5.2233374,66.3964043,356.7338395,210.753005,tree
345.0291091,6.439773167,12.59301847,351.1404984,5.809432639,66.07755753,356.1214589,210.3483966,tree
350.5849219,0.666030322,15.38057817,348.2479109,6.240258742,65.8634499,356.7627302,210.09412,tree
345.58762,0.459880798,13.59263273,346.5790048,6.265231747,66.51145633,356.3972714,210.280682,tree
349.0323513,358.592055,15.86344282,347.3245435,5.932407201,66.51227947,356.1774408,210.6174066,tree
350.2240782,354.159106,12.40398368,344.5219153,5.255951348,66.14119391,357.3049791,211.2159887,tree
348.7040213,0.062048293,13.98267773,345.0192508,6.018702549,66.82145504,356.3284096,210.8090294,tree
355.5668879,359.1097416,17.41846408,346.2138577,5.508503463,65.75820702,355.6596611,210.5242153,tree
346.592159,4.814532705,10.30456657,349.0162954,5.425596617,65.72996752,355.881524,211.4554353,tree
347.490775,353.4180398,11.39864229,343.3652089,5.677566824,66.35967124,356.2075733,210.4216149,tree
352.7047439,359.9948854,14.36201908,345.1983969,4.607118106,66.92295121,355.3746699,210.1799134,tree
348.1609509,356.0503677,12.24693221,345.3832813,4.450048333,64.78196242,356.084259,211.9549354,tree
351.0456437,357.0275944,12.88136571,345.8063351,5.082574581,65.46437431,355.0744703,212.2682684,tree
348.1139615,356.2465274,11.25180689,344.1955267,4.396057355,65.16984854,356.2605478,211.4064308,tree
349.2571807,354.0300725,13.80403989,344.1712487,3.423934479,63.61360734,356.0798881,210.8304579,tree
348.7410973,2.450784086,13.03011909,348.5927903,3.242332995,64.85975483,356.2718148,209.5443171,tree
348.6077987,8.938486735,12.93718801,351.1924978,3.431320607,64.65700355,357.110947,209.4360417,tree
345.7897159,3.80494212,8.646737069,348.2257753,6.121802852,65.18793769,355.8997857,211.2518072,tree
347.3298438,2.563993463,10.93191443,348.7037559,4.162451635,64.16155834,356.9004005,210.5978388,tree
349.6677468,351.9396209,11.72352734,343.5740644,5.967865993,65.86349037,355.8700219,210.5090105,tree
345.8594396,352.4932633,10.9691612,346.1820338,4.254499517,64.20445799,355.1467184,211.9683888,tree
344.7348188,353.492844,13.04643351,347.8360464,1.553522777,63.14114852,356.1048587,211.5121886,tree
345.5133682,358.3151678,10.35386368,347.7771939,3.511626634,64.5629735,355.0523785,211.3866323,tree
347.3776252,1.436466143,11.712601,349.2821124,4.178401161,64.49644082,355.9637605,211.210563,tree
346.5994392,0.001175921,10.63838142,347.2019813,4.840575375,65.1210431,355.7816679,210.7677549,tree
350.4613481,0.474981497,14.53350336,348.8315588,4.138632174,65.26676435,355.8160797,209.8620413,tree
348.7224801,0.781815688,15.28407833,349.5084059,4.528949198,65.94800929,356.4201169,210.2740032,tree
348.4054559,1.70358041,13.19732143,349.0078403,4.905569637,65.72435574,356.2039322,210.2528737,tree
349.4195611,3.651723794,14.74692653,349.5676892,4.447219545,65.56052192,356.5369149,211.9399599,tree
350.6570986,357.065485,12.5974258,344.9395713,4.564745838,65.56707504,356.1750704,213.4303346,tree
348.5229649,355.487612,11.28048182,344.4242486,6.201816726,65.93107427,356.0801103,211.7965324,tree
348.9584539,355.7038983,11.38384804,342.8372659,6.135210527,66.43331938,355.0710092,211.03744,tree
349.4040157,356.1668398,12.86879632,347.5617083,4.399416607,64.09081245,355.6220649,211.0657727,tree
347.093986,359.1578448,12.41721786,347.0035971,3.973917321,66.00381527,356.3169818,210.0969375,tree
349.7420138,357.8713056,12.35512728,347.7020361,4.168907076,63.80254528,356.3228482,211.4856248,tree
348.6824616,3.490983858,11.56630719,349.5460172,4.093416719,65.77330804,356.333816,210.9636587,tree
350.5363739,356.3623756,15.30984731,347.1976319,1.625939811,65.05469013,357.5266878,210.0594559,tree
349.7099069,5.004188055,14.56399901,350.2545214,2.382819355,66.31601091,357.2335666,209.1995356,tree
349.3439179,8.760261905,14.95382522,351.2137847,4.440034896,66.00410314,357.117843,209.9445198,tree
348.6767396,359.5036659,12.53178014,348.2051488,4.416627963,65.39771021,357.4681559,210.5145496,tree
347.1313306,2.402357255,12.4165789,349.2008426,5.49473571,66.74419181,357.4472946,210.2272905,tree
349.9238973,0.017977888,14.29806877,347.6131036,5.00294006,67.26889817,356.8216476,209.3539555,tree
348.6080836,0.955795981,14.10344929,348.1624611,5.013465531,66.81717136,357.664641,208.9563032,tree
353.0364363,357.3768713,16.1993422,348.1090595,4.584259669,66.59036291,356.9292313,210.0219681,tree
355.723559,0.970179524,16.78408091,347.0284063,3.334221297,64.3071004,357.230082,210.7979739,tree
355.0095109,358.3062077,15.20301419,345.0763673,4.10793416,65.7295809,357.6131297,210.0054345,tree
354.7381773,0.594865168,15.57599834,349.1966548,3.869573657,65.16984454,357.4605463,209.2746777,tree
352.3686898,355.0140799,13.85116853,343.75505,4.855201383,65.87243696,356.5325135,209.8394219,tree
355.1821641,356.2412069,15.45192347,344.9708002,3.991097902,65.72610148,357.716234,210.3547152,tree
353.2830809,355.6040165,12.83768131,345.0482388,4.730041923,65.43754407,357.1577954,210.4463996,tree
353.6295233,357.5339382,15.02962098,345.0547825,4.14096676,66.21984877,357.6721416,210.406815,tree
355.4726608,354.5059208,14.3842034,343.9800226,4.84191269,65.57181597,356.9899845,211.1606379,tree
351.572733,2.56097571,14.01760585,348.0246372,4.020051567,65.40356866,357.032222,209.5650235,tree
354.8546477,359.8209125,14.63693382,347.4088518,4.757381448,64.98817162,357.1332346,210.1955738,tree
353.3175567,356.8077583,15.39530704,347.631193,4.235089321,66.20333025,356.7671129,208.3822769,tree
354.0325882,354.02502,16.31066909,346.0257909,3.633286097,64.84656898,357.5750896,210.9113109,tree
351.1396401,0.323346602,15.25446621,348.9393754,4.039685502,63.94239379,357.3398262,210.6060125,tree
347.8270298,3.274631091,13.79480644,350.4663505,3.909999256,65.76438734,356.8499087,209.7016107,tree
357.3857054,350.2474538,18.34158403,343.5150721,3.899570966,64.87902578,356.4457239,209.7109463,tree
343.2529491,2.860459835,15.34709183,351.2789844,4.55383584,64.82501134,354.7258025,210.2315024,tree
346.2623367,2.521276758,14.3536688,350.47094,5.045280409,64.79851666,355.6626166,210.1094989,tree
353.6327548,349.5503008,18.30448556,342.4740876,3.643846663,65.51656979,355.8910047,209.1714968,tree
350.6424747,359.6499653,11.79380783,347.076239,7.523340567,67.09548807,353.8746818,210.7879609,tree
351.4293878,4.969987508,13.45220311,348.1727675,6.964839696,67.61116311,355.2854442,213.697947,tree
352.297831,3.672387291,12.74258912,347.3095865,6.725596775,68.77202029,354.8628589,211.1523144,tree
352.7587905,358.2942093,14.1252136,346.6098613,4.768890853,65.16787192,356.5157957,210.7788381,tree
351.6528768,0.39974849,12.77173076,347.2204667,5.13842543,66.0729589,356.3839153,210.4289079,tree
351.8943914,359.8831146,12.45120938,347.0933305,5.797891115,67.03554486,354.6536478,210.2492133,tree
350.3339183,359.0879895,12.49238299,348.2928319,4.437258635,66.4452078,356.1129236,210.8690916,tree
354.1818521,355.9979731,16.5246243,346.074911,3.207728827,66.72116074,357.1877247,208.2969699,tree
356.0160106,355.1285289,14.28969363,347.8389629,6.260579103,65.93735331,355.3425436,209.2667134,tree
356.4914014,350.4012573,14.64643622,343.7290473,6.186588891,67.43624134,356.8909633,209.7424011,tree
354.0282335,357.4601426,14.76617351,346.8148341,5.312140935,64.68384631,356.7819987,211.3321404,tree
353.542011,355.8361356,14.61760786,348.0804707,5.573528404,66.0184746,357.4786047,208.6592939,tree
358.6162445,346.9364237,15.67628193,342.0430162,7.201430738,67.07176218,356.226426,210.4165918,tree
356.252378,4.007849777,17.08280928,349.109852,5.785929008,66.91197096,356.3575403,208.5491713,tree
353.4433555,355.9924391,13.92378009,346.0364697,5.549543902,67.4887,357.5589478,208.9483179,tree
355.4835256,354.7028701,16.90259903,343.6301372,5.235583519,67.26618703,357.174868,210.8287603,tree
